{
  "AT": {
    "Niederau": [47.4496738, 12.0892967],
    "Oberau": [47.4441615, 12.0526292],
    "Wörgl": [47.4872718, 12.0637633]
  },
  "BE": {
    "Antwerpen": [51.21778, 4.400278],
    "Gent": [51.053611, 5.725278],
    "Brussels": [50.846667, 4.3525],
    "Dinant": [50.266667, 4.916667],
    "Durbuy": [50.352167, 5.456333],
    "La Roche-en-Ardenne": [50.181667, 5.575],
    "Liège": [50.639722, 5.570556]
  },
  "CH": {
    "Basel": [47.554722, 7.590556]
  },
  "DE": {
    "Berlin": [52.52, 13.405],
    "Aschaffenburg": [49.973813, 9.144667]
  },
  "ES": {
    "Dénia": [38.8408382, 0.1061105],
    "Moraira": [38.6880943, 0.1344619],
    "València": [39.4697065, -0.3763353],
    "Estepona": [36.4268068, -5.1468484],
    "Ronda": [36.7421339, -5.1665916],
    "Cala Millor": [39.6046865, 3.3848084]
  },
  "FR": {
    "Paris": [48.8567, 2.3522],
    "Nancy": [48.6936, 6.1846],
    "Colmar": [48.0817, 7.3556],
    "Mulhouse": [47.75, 7.34]
  },
  "GR": {
    "Ιαλυσός": [36.4155876, 28.1582340]
  },
  "IT": {
    "Peschiera del Garda": [45.4389454, 10.6920171],
    "Lazise": [45.5052005, 10.7330245],
    "Sirmione": [45.4688494, 10.6078237],
    "Limone sul Garda": [45.8141083, 10.7915342],
    "Venezia": [45.4371908, 12.3345898],
    "Verona": [45.4384958, 10.9924122],
    "Colle del Gran San Bernardo": [45.868383, 7.165357]
  },
  "NL": {
    "'s-Hertogenbosch": [51.68333, 5.3],
    "Rotterdam": [51.92, 4.48],
    "Dordrecht": [51.795833, 4.678333],
    "Tilburg": [51.5575, 5.0906],
    "Breda": [51.588889, 4.775833],
    "Utrecht": [52.090833, 5.121667],
    "Gorinchem": [51.830556, 4.974167],
    "Eindhoven": [51.433333, 5.483333],
    "Putten": [52.266667, 5.6],
    "Ouddorp": [51.8082, 3.9346],
    "Brouwershaven": [51.726389, 3.914167],
    "Westenschouwen": [51.683333, 3.716667],
    "Roosendaal": [51.533333, 4.45],
    "Etten-Leur": [51.566667, 4.633333],
    "Gulpen": [50.8139879, 5.8899585],
    "Maastricht": [50.8512438, 5.6909768],
    "Valkenburg": [50.8647531, 5.8312518],
    "Den Haag": [52.0799838, 4.3113461]
  },
  "PT": {
    "Lisboa": [38.7077507, -9.1365919],
    "Porto": [41.1502195, -8.6103497]
  },
  "UK": {
    "London": [51.5074456, -0.1277653]
  },
  "US": {
    "New York City": [40.7127281, -74.0060152],
    "Los Angeles": [34.0536909, -118.2427660],
    "Santa Monica": [34.0194704, -118.4912270],
    "Beverly Hills": [34.0696501, -118.3963062],
    "San Diego": [32.7174202, -117.1627720],
    "Palm Desert": [33.7288179, -116.3825710],
    "Kingman": [35.1895921, -114.0532996],
    "Flagstaff": [35.1987522, -111.6518220],
    "Page": [36.9148305, -111.4572940],
    "Tropic": [37.6252615, -112.0821350],
    "Las Vegas": [36.1674263, -115.1484131],
    "Bishop": [37.3636790, -118.3952400],
    "Oakhurst": [37.3311313, -119.6558221],
    "San Francisco": [37.7879363, -122.4075201],
    "Palo Alto": [37.4443293, -122.1598465],
    "Morro Bay": [35.3658075, -120.8499010],
    "Malibu": [34.0355910, -118.6894230],
    "Joshua Tree National Park": [33.8875, -115.9499]
  }
}
