{
  "NL": {
    "'s-Hertogenbosch": [51.68333, 5.3],
    "Rotterdam": [51.92, 4.48],
    "Dordrecht": [51.795833, 4.678333],
    "Tilburg": [51.5575, 5.0906],
    "Breda": [51.588889, 4.775833],
    "Utrecht": [52.090833, 5.121667]
  }
}
