{
  "BE": {
    "Antwerpen": [51.21778, 4.400278],
    "Gent": [51.053611, 5.725278],
    "Brussels": [50.846667, 4.3525],
    "Dinant": [50.266667, 4.916667],
    "Durbuy": [50.352167, 5.456333],
    "La Roche-en-Ardenne": [50.181667, 5.575],
    "Liège": [50.639722, 5.570556]
  },
  "CH": {
    "Basel": [47.554722, 7.590556]
  },
  "DE": {
    "Berlin": [52.52, 13.405]
  },
  "FR": {
    "Paris": [48.8567, 2.3522],
    "Nancy": [48.6936, 6.1846],
    "Colmar": [48.0817, 7.3556],
    "Mulhouse": [47.75, 7.34]
  },
  "NL": {
    "'s-Hertogenbosch": [51.68333, 5.3],
    "Rotterdam": [51.92, 4.48],
    "Dordrecht": [51.795833, 4.678333],
    "Tilburg": [51.5575, 5.0906],
    "Breda": [51.588889, 4.775833],
    "Utrecht": [52.090833, 5.121667],
    "Gorinchem": [51.830556, 4.974167],
    "Eindhoven": [51.433333, 5.483333],
    "Putten": [52.266667, 5.6],
    "Ouddorp": [51.8082, 3.9346],
    "Brouwershaven": [51.726389, 3.914167],
    "Westenschouwen": [51.683333, 3.716667],
    "Roosendaal": [51.533333, 4.45],
    "Etten-Leur": [51.566667, 4.633333]
  }
}
